{
    "totalHashRate": 1245.4265974589805,
    "activeMiners": 46,
    "miningRevenue": 8930.862364781207
}